Date,Gold_Price,SPY_Close,Sensex_Close
2020-01-02,1524.5,300.31010039040234,41626.64
2020-01-03,1549.199951171875,299.1546226371956,41464.61
2020-01-06,1566.199951171875,299.2379117011673,40676.63
2020-01-07,1571.800048828125,299.06222335747646,40869.47
2020-01-08,1557.4000244140625,301.13280757417783,40817.74
2020-01-09,1551.699951171875,302.0108834726726,41452.35
2020-01-10,1557.5,302.68559471716,41599.72
2020-01-13,1548.4000244140625,303.14777406042305,41859.69
2020-01-14,1542.4000244140625,303.75782743480147,41952.63
2020-01-15,1552.0999755859375,304.1275443973872,41872.73
2020-01-16,1549.0,305.8838806152344,41932.56
2020-01-17,1558.800048828125,307.0484879829405,41945.37
2020-01-21,1556.4000244140625,307.04853452646114,41323.81
2020-01-22,1555.300048828125,307.7602110293039,41115.38
2020-01-23,1564.5999755859375,307.0392875200072,41386.4
2020-01-24,1571.0999755859375,307.3720258999948,41613.19
2020-01-27,1576.800048828125,300.5226399031406,41155.12
2020-01-28,1569.199951171875,303.04608396649,40966.86
2020-01-29,1569.800048828125,303.76711982764965,41198.66
2020-01-30,1583.5,303.1015862851458,40913.82
2020-01-31,1582.9000244140625,302.41762404363953,40723.49
2020-02-03,1577.199951171875,301.4839663014634,39872.31
2020-02-04,1550.4000244140625,305.04278044043446,40789.38
2020-02-05,1557.800048828125,307.8897027555807,41142.66
2020-02-06,1565.0999755859375,308.9064150643585,41306.03
2020-02-07,1568.5999755859375,308.72160234812134,41141.85
2020-02-10,1574.699951171875,309.424116359804,40979.62
2020-02-11,1565.5999755859375,311.5223950552163,41216.14
2020-02-12,1567.4000244140625,312.10476247413993,41565.9
2020-02-13,1575.0999755859375,312.5391283658209,41459.79
2020-02-14,1582.699951171875,312.17864088676066,41257.74
2020-02-18,1600.0,312.12318842131,40894.38
2020-02-19,1607.5,313.42652867761126,41323.0
2020-02-20,1616.5999755859375,313.0197848145976,41170.12
2020-02-24,1672.4000244140625,308.3241540854473,40363.23
2020-02-25,1646.9000244140625,300.05126977938426,40281.2
2020-02-26,1640.0,294.0429423659753,39888.96
2020-02-27,1640.0,287.98854465077966,39745.66
2020-02-28,1564.0999755859375,275.3528154279035,38297.29
2020-03-02,1592.300048828125,285.7701551771477,38144.02
2020-03-03,1642.0999755859375,290.0961399426762,38623.7
2020-03-04,1641.0999755859375,289.41204723914103,38409.48
2020-03-05,1666.4000244140625,285.13237292520694,38470.61
2020-03-06,1670.800048828125,276.1754323026294,37576.62
2020-03-09,1674.5,262.68933850190564,35634.95
2020-03-11,1641.4000244140625,260.60947715989346,35697.4
2020-03-12,1589.300048828125,246.48552399413035,32778.14
2020-03-13,1515.699951171875,250.94081471913591,34103.48
2020-03-16,1485.9000244140625,237.4639073134962,31390.07
2020-03-17,1524.9000244140625,236.78916627337,30579.09
2020-03-18,1477.300048828125,229.57926720176667,28869.51
2020-03-19,1478.5999755859375,228.66418616779157,28288.23
2020-03-20,1484.0,227.30316138354544,29915.96
2020-03-23,1567.0,213.55167566820612,25981.24
2020-03-24,1660.199951171875,226.9591225678549,26674.03
2020-03-25,1632.300048828125,238.3489062463398,28535.78
2020-03-26,1650.0999755859375,244.34594606435087,29946.77
2020-03-27,1623.9000244140625,242.49571694001105,29815.59
2020-03-30,1622.0,244.00191416058755,28440.32
2020-03-31,1583.4000244140625,244.8387600336509,29468.49
2020-04-01,1578.199951171875,239.5668944478358,28265.31
2020-04-03,1633.699951171875,235.53170483848072,27590.95
2020-04-07,1664.800048828125,255.71721535242648,30067.21
2020-04-08,1665.4000244140625,256.6190654959148,29893.96
2020-04-09,1736.199951171875,261.4539497078501,31159.62
2020-04-13,1744.800048828125,258.02304526223554,30690.02
2020-04-15,1727.199951171875,264.0015221103493,30379.81
2020-04-16,1720.4000244140625,260.3660304941722,30602.61
2020-04-17,1689.199951171875,267.12553110795915,31588.72
2020-04-20,1701.5999755859375,266.6514537979473,31648.0
2020-04-21,1678.199951171875,258.51577762123253,30636.71
2020-04-22,1728.699951171875,261.26791732240457,31379.55
2020-04-23,1733.300048828125,264.0015611750324,31863.08
2020-04-24,1723.5,263.778327778635,31327.22
2020-04-27,1711.9000244140625,268.0273979884122,31743.08
2020-04-28,1710.5,270.93769604489376,32114.52
2020-04-29,1703.4000244140625,274.1733495261763,32720.16
2020-04-30,1684.199951171875,272.7228449445646,33717.62
2020-05-04,1706.9000244140625,263.9643158796331,31715.35
2020-05-05,1704.4000244140625,268.9386278809035,31453.51
2020-05-06,1684.199951171875,268.204065349261,31685.75
2020-05-07,1721.800048828125,269.4315161131545,31443.38
2020-05-08,1709.9000244140625,272.3787373296656,31642.7
2020-05-11,1695.300048828125,273.35511818910254,31561.22
2020-05-12,1704.4000244140625,273.5782326746464,31371.12
2020-05-13,1713.9000244140625,267.0233297826381,32008.61
2020-05-14,1738.0999755859375,265.0893523402095,31122.89
2020-05-15,1753.4000244140625,266.2236931911012,31097.73
2020-05-18,1731.800048828125,275.9119645975404,30028.98
2020-05-19,1744.199951171875,275.4098753844556,30196.17
2020-05-20,1750.5999755859375,276.95334046749406,30818.61
2020-05-21,1720.5,276.7674013742696,30932.9
2020-05-22,1734.5999755859375,274.8706605821272,30672.59
2020-05-26,1704.800048828125,280.96993572984945,30609.3
2020-05-27,1710.300048828125,282.2530499391975,31605.22
2020-05-28,1713.300048828125,285.2934930178406,32200.59
2020-05-29,1736.9000244140625,283.5454528602994,32424.1
2020-06-01,1737.800048828125,284.70774350527944,33303.52
2020-06-02,1725.199951171875,286.49285608025383,33825.53
2020-06-03,1697.800048828125,291.2254010278824,34109.54
2020-06-04,1718.9000244140625,291.0208841943324,33980.7
2020-06-05,1676.199951171875,298.71017764112366,34287.24
2020-06-08,1698.300048828125,300.6999148898166,34370.58
2020-06-09,1714.699951171875,300.5789959336958,33956.69
2020-06-10,1713.300048828125,299.7515132727341,34247.05
2020-06-11,1732.0,290.2305122092479,33538.37
2020-06-12,1729.300048828125,287.37619605433343,33780.89
2020-06-15,1720.300048828125,286.6322859133372,33228.8
2020-06-16,1729.5999755859375,293.4755951042188,33605.22
2020-06-17,1729.199951171875,292.3133937260107,33507.92
2020-06-18,1724.800048828125,290.3700105766524,34208.05
2020-06-19,1745.9000244140625,293.5903602008235,34731.73
2020-06-22,1756.699951171875,290.48056770618825,34911.32
2020-06-23,1772.0999755859375,293.7023932608422,35430.43
2020-06-24,1765.800048828125,289.97620596157446,34868.98
2020-06-25,1762.0999755859375,287.29603804217845,34842.1
2020-06-26,1772.5,286.12861976222734,35171.27
2020-06-29,1774.800048828125,284.4663688645096,34961.52
2020-06-30,1793.0,289.68673112616494,34915.8
2020-07-01,1773.199951171875,291.2649002289828,35414.45
2020-07-02,1784.0,294.8229909603525,35843.7
2020-07-06,1788.5,296.67208342709216,36487.28
2020-07-07,1804.199951171875,296.5226666933672,36674.52
2020-07-08,1815.5,295.3833306910914,36329.01
2020-07-09,1799.199951171875,296.1304311850912,36737.69
2020-07-10,1798.199951171875,296.85893483322246,36594.33
2020-07-13,1811.0,301.36939399134485,36693.69
2020-07-14,1810.5999755859373,298.6144955528962,36033.06
2020-07-15,1811.4000244140625,301.6776844605353,36051.81
2020-07-16,1798.699951171875,300.0340035787868,36471.68
2020-07-17,1808.300048828125,301.2386504572244,37020.14
2020-07-20,1815.9000244140625,303.6293883169463,37418.99
2020-07-21,1842.4000244140625,305.31038051767416,37930.33
2020-07-22,1864.0999755859373,305.5625057184736,37871.52
2020-07-23,1889.0999755859373,305.59055182494063,38140.47
2020-07-24,1897.300048828125,300.6970749383659,38128.9
2020-07-27,1931.0,302.02320191741745,37934.73
2020-07-28,1944.699951171875,302.2379670057291,38492.95
2020-07-29,1953.5,304.1897627090463,38071.13
2020-07-30,1942.300048828125,302.95708805761114,37736.07
2020-07-31,1962.800048828125,305.0302308444196,37606.89
2020-08-03,1966.0,307.8224634422945,36939.6
2020-08-04,2001.199951171875,308.2333679199219,37687.91
2020-08-05,2031.0999755859373,310.4093077965834,37663.33
2020-08-06,2051.5,312.3423550043595,38025.45
2020-08-07,2010.0999755859373,312.73465757970314,38040.57
2020-08-10,2024.4000244140625,313.56572430738385,38182.08
2020-08-11,1932.5999755859373,315.2187420431748,38407.01
2020-08-12,1934.9000244140625,315.90993664012,38369.63
2020-08-13,1956.699951171875,315.88174238680034,38310.49
2020-08-14,1937.0,315.1066939759868,37877.34
2020-08-17,1985.0,315.96582760402447,38050.78
2020-08-18,1999.4000244140625,316.6755747593398,38528.32
2020-08-19,1958.699951171875,317.15197175093834,38614.79
2020-08-20,1933.800048828125,316.395484253293,38220.39
2020-08-21,1934.5999755859373,317.2546069451687,38434.72
2020-08-24,1927.699951171875,320.317647555092,38799.08
2020-08-25,1911.800048828125,321.4475703192172,38843.88
2020-08-26,1940.699951171875,324.85631229086107,39073.92
2020-08-27,1921.5999755859373,326.76138049891904,39113.47
2020-08-28,1964.5999755859373,327.5271484061451,39467.31
2020-08-31,1967.5999755859373,328.0688125407522,38628.29
2020-09-01,1968.199951171875,329.3855184912039,38900.8
2020-09-02,1934.4000244140625,335.02608497792954,39086.03
2020-09-03,1927.5999755859373,332.8128831611209,38990.94
2020-09-04,1923.9000244140625,324.82827889102447,38357.18
2020-09-08,1933.0,319.981502594332,38365.35
2020-09-09,1944.699951171875,319.8134574738686,38193.92
2020-09-10,1954.199951171875,319.8787168137778,38840.32
2020-09-11,1937.800048828125,314.6864086904257,38854.55
2020-09-14,1953.0999755859373,317.8710172817062,38756.63
2020-09-15,1956.300048828125,319.4025040289579,39044.35
2020-09-16,1960.199951171875,320.37366496153686,39302.85
2020-09-17,1940.0,315.36814836359696,38979.85
2020-09-18,1952.0999755859373,314.55844047590506,38845.82
2020-09-21,1901.199951171875,306.7201197911973,38034.14
2020-09-22,1898.5999755859373,310.25486247331366,37734.08
2020-09-23,1859.9000244140625,310.5361552510861,37668.42
2020-09-24,1868.300048828125,306.4106267464723,36553.6
2020-09-25,1857.699951171875,309.01715959766386,37388.66
2020-09-28,1872.800048828125,314.061487167799,37981.63
2020-09-29,1894.300048828125,313.8833429517761,37973.22
2020-09-30,1887.5,317.1837757137039,38067.93
2020-10-01,1908.4000244140625,317.6056060760855,38697.05
2020-10-05,1912.5,318.7496079388286,38973.7
2020-10-06,1901.0999755859373,320.8217262568447,39574.57
2020-10-07,1883.5999755859373,320.3153795899011,39878.95
2020-10-08,1888.5999755859373,322.3968162460818,40182.67
2020-10-09,1919.5,325.6785824624324,40509.49
2020-10-12,1922.5,331.9323538308198,40593.8
2020-10-13,1888.5,330.47900502057865,40625.51
2020-10-14,1901.300048828125,329.972756879164,40794.74
2020-10-15,1903.199951171875,326.3066381225697,39728.41
2020-10-16,1900.800048828125,328.86637270354765,39982.98
2020-10-19,1906.4000244140625,327.5349686413807,40431.6
2020-10-20,1910.4000244140625,325.2378390228432,40544.37
2020-10-21,1924.5999755859373,324.10337501204015,40707.31
2020-10-22,1901.0999755859373,323.70016487914387,40558.49
2020-10-23,1902.0,324.4033413018358,40685.5
2020-10-26,1902.699951171875,321.5811619786056,40145.5
2020-10-27,1908.800048828125,318.8996157034688,40522.1
2020-10-28,1876.199951171875,317.1462743349563,39922.46
2020-10-29,1865.5999755859373,312.59888017023786,39749.85
2020-10-30,1877.4000244140625,309.12030211816017,39614.07
2020-11-02,1890.4000244140625,311.6237517685038,39757.58
2020-11-03,1908.5,317.14625147272767,40261.13
2020-11-04,1894.5999755859373,326.23167501458374,40616.14
2020-11-05,1945.300048828125,330.21650199405093,41340.16
2020-11-06,1950.300048828125,329.57891862617254,41893.06
2020-11-09,1853.199951171875,341.6460186911724,42597.43
2020-11-10,1875.4000244140625,333.0200314926261,43277.65
2020-11-11,1860.699951171875,335.2515104499309,43593.67
2020-11-12,1872.5999755859373,334.46392979832933,43357.19
2020-11-13,1885.699951171875,336.50788830791896,43443.0
2020-11-17,1884.5,339.3394838984317,43952.71
2020-11-18,1873.5,338.9457125791988,44180.05
2020-11-19,1861.0999755859373,335.8327710162456,43599.96
2020-11-20,1872.5999755859373,335.4015748426542,43882.25
2020-11-23,1837.800048828125,336.43284736607615,44077.15
2020-11-24,1804.800048828125,341.1115660650556,44523.02
2020-11-25,1805.699951171875,340.50209919331934,43828.1
2020-11-27,1781.9000244140625,341.4584467885662,44149.72
2020-12-01,1814.0999755859373,344.7400892445272,44655.44
2020-12-02,1825.699951171875,344.0650171671395,44618.04
2020-12-03,1836.800048828125,345.2182420401167,44632.65
2020-12-04,1835.9000244140625,346.774658203125,45079.55
2020-12-07,1861.800048828125,346.5590348982275,45426.97
2020-12-08,1870.800048828125,347.6466958745424,45608.51
2020-12-09,1834.5999755859373,347.89985522890714,46103.5
2020-12-10,1833.5999755859373,344.9088393885953,45959.88
2020-12-11,1839.800048828125,343.8587477975953,46099.01
2020-12-14,1828.699951171875,346.7278347271042,46253.46
2020-12-15,1852.300048828125,346.5309753417969,46263.17
2020-12-16,1856.0999755859373,348.0029919055066,46666.46
2020-12-17,1887.199951171875,349.2218696243866,46890.34
2020-12-18,1885.699951171875,349.4769737830207,46960.69
2020-12-21,1879.199951171875,356.3601477939709,45553.96
2020-12-22,1866.5999755859373,346.82160430191885,46006.69
2020-12-23,1874.699951171875,348.0362675918422,46444.18
2020-12-24,1879.9000244140625,347.4807921909982,46973.54
2020-12-28,1877.199951171875,350.8328667521187,47353.75
2020-12-29,1879.699951171875,352.1605464869745,47613.08
2020-12-30,1891.0,351.3131417521884,47746.22
2020-12-31,1893.0999755859373,352.7819976888743,47751.33
2021-01-04,1944.699951171875,353.5258889790341,48176.8
2021-01-05,1952.699951171875,350.7481758528555,48437.78
2021-01-06,1906.9000244140625,354.9666075632353,48174.06
2021-01-07,1912.300048828125,357.7160722909524,48093.32
2021-01-08,1834.0999755859373,359.2131024056668,48782.51
2021-01-11,1849.5999755859373,358.3563106333283,49269.32
2021-01-12,1842.9000244140625,357.67832429486367,49517.11
2021-01-13,1853.5999755859373,358.620014800048,49492.32
2021-01-14,1850.300048828125,358.8741767085713,49584.16
2021-01-15,1829.300048828125,355.5315168450217,49034.67
2021-01-19,1839.5,357.0851183120567,49398.29
2021-01-20,1865.9000244140625,362.3204924247387,49792.12
2021-01-21,1865.300048828125,362.47114255475856,49624.76
2021-01-22,1855.699951171875,361.69904094267855,48878.54
2021-01-25,1854.9000244140625,362.30163370303234,48347.59
2021-01-27,1844.9000244140625,358.11149358371074,47409.93
2021-01-28,1837.9000244140625,359.62744511564784,46874.36
2021-01-29,1847.300048828125,354.6746562888395,46285.77
2021-02-01,1860.800048828125,355.3054528443907,48600.61
2021-02-02,1830.5,360.8421781777744,49797.72
2021-02-03,1832.199951171875,361.2941615578961,50255.75
2021-02-04,1788.9000244140625,363.6858017042245,50614.29
2021-02-05,1810.9000244140625,365.7856064102736,50731.63
2021-02-08,1831.9000244140625,367.7535202068456,51348.77
2021-02-09,1835.300048828125,368.06428086991536,51329.08
2021-02-10,1840.5999755859373,369.3730882539895,51309.39
2021-02-11,1824.9000244140625,368.81758996668185,51531.52
2021-02-12,1821.5999755859373,369.9569256617174,51544.3
2021-02-16,1797.199951171875,371.15279487134046,52104.17
2021-02-17,1771.0999755859375,369.73093831008623,51703.83
2021-02-18,1773.4000244140625,368.6575090194451,51324.69
2021-02-19,1775.800048828125,369.46726532286857,50889.76
2021-02-22,1806.699951171875,366.868443046135,49744.32
2021-02-23,1804.4000244140625,366.2375627125511,49751.41
2021-02-24,1796.4000244140625,369.32598153906656,50781.69
2021-02-25,1774.4000244140625,368.9964721797109,51039.31
2021-02-26,1728.0999755859375,363.0642914968306,49099.99
2021-03-01,1722.5,368.092557106135,49849.84
2021-03-02,1733.0999755859375,367.2921285660822,50296.89
2021-03-03,1715.300048828125,364.2413396525993,51444.65
2021-03-04,1700.199951171875,361.57665323526015,50846.08
2021-03-05,1698.0,362.29229073571577,50405.32
2021-03-08,1677.699951171875,365.0417727550785,50441.07
2021-03-09,1716.5999755859375,367.1414526189629,51025.48
2021-03-10,1721.5,368.5445095056912,51279.51
2021-03-12,1719.5,371.1903378769916,50792.08
2021-03-15,1728.9000244140625,373.525611368216,50395.08
2021-03-16,1730.5999755859375,374.59903531754907,50363.96
2021-03-17,1726.800048828125,374.872084062615,49801.62
2021-03-18,1732.199951171875,373.5538785663283,49216.52
2021-03-19,1741.4000244140625,369.9122034598973,49858.24
2021-03-22,1737.800048828125,372.2738835812704,49771.29
2021-03-23,1724.699951171875,371.6975976242941,50051.44
2021-03-24,1732.9000244140625,371.0268578241656,49180.31
2021-03-25,1724.9000244140625,368.94859315627457,48440.12
2021-03-26,1732.199951171875,374.4844872829987,49008.5
2021-03-30,1683.9000244140625,373.5775471105056,50136.58
2021-03-31,1713.800048828125,375.9865190732753,49509.15
2021-04-01,1726.5,378.5088868681517,50029.83
2021-04-05,1727.0,384.4320304111423,49159.32
2021-04-06,1741.5,384.715488212846,49201.39
2021-04-07,1740.0999755859375,384.4509405140728,49661.76
2021-04-08,1756.800048828125,385.9813311790909,49746.21
2021-04-09,1743.300048828125,388.9005348561053,49591.32
2021-04-12,1731.199951171875,389.1460095599626,47883.38
2021-04-13,1746.199951171875,390.6575825539483,48544.06
2021-04-15,1765.4000244140625,393.1420711141087,48803.68
2021-04-16,1779.0,394.79528645183314,48832.03
2021-04-19,1769.4000244140625,393.6899724622035,47949.42
2021-04-20,1777.300048828125,392.13128077165067,47705.8
2021-04-22,1781.199951171875,393.727845726396,48080.67
2021-04-23,1777.0,395.1165238365768,47878.45
2021-04-26,1779.199951171875,395.08808595056274,48386.51
2021-04-27,1778.0,395.0125506572933,48944.14
2021-04-28,1773.199951171875,395.8344419768864,49733.84
2021-04-29,1768.0999755859375,397.4498842105464,49765.94
2021-04-30,1767.300048828125,395.3903983462814,48782.36
2021-05-03,1791.4000244140625,396.6184592280715,48718.52
2021-05-04,1775.800048828125,393.55773377252143,48253.51
2021-05-05,1784.0999755859375,394.5307514165997,48677.55
2021-05-06,1815.5,396.0233548457596,48949.76
2021-05-07,1831.0999755859373,399.4336942048827,49206.47
2021-05-10,1837.5,399.3580764766717,49502.41
2021-05-11,1835.9000244140625,392.3013261654376,49161.81
2021-05-12,1822.5999755859373,389.76956016414624,48690.8
2021-05-14,1837.9000244140625,394.39852002104016,48732.55
2021-05-17,1867.5,393.35937988752505,49580.73
2021-05-18,1867.800048828125,393.047634931978,50193.33
2021-05-19,1881.300048828125,388.3147167505687,49902.64
2021-05-20,1881.800048828125,393.5860668170732,49564.86
2021-05-21,1876.699951171875,395.0692607659023,50540.48
2021-05-24,1884.5999755859373,397.0719830962271,50651.9
2021-05-25,1898.0999755859373,397.4404406405966,50637.53
2021-05-26,1901.300048828125,396.40122495389744,51017.52
2021-05-27,1895.699951171875,397.4498679127247,51115.22
2021-05-28,1902.5,397.9505616552204,51422.88
2021-06-01,1902.9000244140625,399.3393003651333,51934.88
2021-06-02,1907.5,397.9316647178081,51849.48
2021-06-03,1871.199951171875,396.76021912400967,52232.43
2021-06-04,1889.800048828125,399.52816820943485,52100.05
2021-06-07,1896.800048828125,399.39595605671576,52328.51
2021-06-08,1892.199951171875,399.8021996968463,52275.57
2021-06-09,1893.199951171875,399.8494569438053,51941.64
2021-06-10,1894.199951171875,401.1435640361841,52300.47
2021-06-11,1877.4000244140625,400.9546667518774,52474.76
2021-06-14,1864.0,401.8426410393316,52551.53
2021-06-15,1854.5,401.9276695399214,52773.05
2021-06-16,1859.5,401.370292146152,52501.98
2021-06-17,1773.800048828125,399.6226500161628,52323.33
2021-06-18,1767.9000244140625,396.011067236908,52344.45
2021-06-21,1781.800048828125,399.0724411981786,52574.46
2021-06-22,1776.300048828125,401.85885819780464,52588.71
2021-06-23,1782.300048828125,401.9062465774932,52306.08
2021-06-24,1775.5999755859375,403.3279120211782,52699.0
2021-06-25,1776.5999755859375,404.78749501687327,52925.04
2021-06-28,1779.5999755859375,405.3182680848234,52735.59
2021-06-29,1762.800048828125,406.1807082483046,52549.66
2021-06-30,1770.800048828125,406.3892205742152,52482.71
2021-07-01,1775.9000244140625,408.1142909298514,52318.6
2021-07-02,1782.5999755859375,411.431450218518,52484.67
2021-07-06,1793.5,411.34612866565885,52861.18
2021-07-07,1801.5,412.0569955032296,53054.76
2021-07-08,1799.5999755859375,409.1851801618676,52568.94
2021-07-09,1810.0,413.0806099049922,52386.19
2021-07-12,1805.5,414.5117480670908,52372.69
2021-07-13,1809.4000244140625,414.976133659046,52769.73
2021-07-14,1824.300048828125,415.0520098678641,52904.05
2021-07-15,1828.4000244140625,412.786783400803,53158.85
2021-07-16,1814.5,413.2890759376285,53140.06
2021-07-19,1808.699951171875,408.8819367135208,52553.4
2021-07-20,1810.9000244140625,409.83919775159154,52198.51
2021-07-22,1805.0,412.9668606166615,52837.21
2021-07-23,1801.4000244140625,417.3076787435229,52975.8
2021-07-26,1798.699951171875,417.99962988286927,52852.27
2021-07-27,1799.5,416.9664506743468,52578.76
2021-07-28,1799.5,417.3077281900081,52443.71
2021-07-29,1831.199951171875,418.7293459115925,52653.07
2021-07-30,1812.5999755859373,417.0802541531564,52586.84
2021-08-02,1818.0999755859373,417.9048411527636,52950.63
2021-08-03,1810.0999755859373,418.2365583722427,53823.36
2021-08-04,1810.5,418.0848755928648,54369.77
2021-08-05,1805.0999755859373,418.7767640479432,54492.84
2021-08-06,1760.0,419.8098440396247,54277.72
2021-08-09,1723.4000244140625,419.67714143369057,54402.85
2021-08-10,1728.800048828125,420.2837073084507,54554.66
2021-08-11,1750.4000244140625,420.7007408497949,54525.93
2021-08-12,1749.0,422.00870631115447,54843.98
2021-08-13,1775.199951171875,422.6531920214617,55437.29
2021-08-16,1786.9000244140625,423.76212979729854,55582.58
2021-08-17,1785.0,421.7243587629291,55792.27
2021-08-18,1781.5999755859375,421.4115691085352,55629.49
2021-08-20,1781.0,420.53958411069095,55329.32
2021-08-23,1803.199951171875,424.8236144923992,55555.79
2021-08-24,1805.5999755859373,425.1173901582532,55958.98
2021-08-25,1788.199951171875,425.9894073439551,55944.21
2021-08-26,1792.199951171875,425.4206877841671,55949.1
2021-08-27,1816.5999755859373,427.1172655851708,56124.72
2021-08-30,1809.0,429.4107864460952,56889.76
2021-08-31,1815.0,428.8611957825022,57552.39
2021-09-01,1813.0999755859373,429.448743272898,57338.21
2021-09-02,1808.699951171875,430.3396132687179,57852.54
2021-09-03,1830.9000244140625,429.9415846083341,58129.95
2021-09-07,1795.9000244140625,429.1644274985925,58279.48
2021-09-08,1790.699951171875,428.0839697933442,58250.26
2021-09-09,1797.4000244140625,428.9369825103565,58305.07
2021-09-13,1792.0,425.4775972524404,58177.76
2021-09-14,1804.699951171875,424.92781356629735,58247.09
2021-09-15,1792.4000244140625,424.9941436625821,58723.2
2021-09-16,1754.5999755859375,424.9467711818383,59141.16
2021-09-17,1749.4000244140625,423.465295812718,59015.89
2021-09-20,1761.800048828125,415.0885526154072,58490.93
2021-09-21,1776.0,416.3721987017361,59005.27
2021-09-22,1776.699951171875,418.38786996044666,58927.33
2021-09-23,1747.699951171875,423.0088213701685,59885.36
2021-09-24,1749.699951171875,422.7996868828111,60048.47
2021-09-27,1750.0,422.2101634274847,60077.88
2021-09-28,1735.800048828125,418.39738252936206,59667.6
2021-09-29,1721.5,415.54494825344585,59413.27
2021-09-30,1755.300048828125,415.2882466877489,59126.36
2021-10-01,1757.0,414.5846606777998,58765.58
2021-10-04,1766.199951171875,412.616428523891,59299.32
2021-10-05,1759.5999755859375,414.0711734959456,59744.88
2021-10-06,1760.5,413.71937371377385,59189.73
2021-10-07,1757.9000244140625,419.9567221633221,59677.83
2021-10-08,1756.300048828125,418.2547707115296,60059.06
2021-10-11,1754.5999755859375,418.6066032837989,60135.78
2021-10-12,1758.300048828125,414.6512185184904,60284.31
2021-10-13,1793.699951171875,414.6036341563381,60737.05
2021-10-14,1796.699951171875,420.8885843711637,61305.95
2021-10-18,1764.800048828125,425.53798930193824,61765.59
2021-10-19,1769.699951171875,428.5425788163095,61716.05
2021-10-20,1784.0999755859375,430.4632343578258,61259.96
2021-10-21,1781.199951171875,431.5091315476154,60923.5
2021-10-22,1795.5,432.3078899044283,60821.62
2021-10-25,1806.0,433.4773534356401,60967.05
2021-10-26,1792.699951171875,435.94001987959456,61350.26
2021-10-27,1797.9000244140625,434.675339241908,61143.33
2021-10-28,1801.5999755859373,435.8544339275883,59984.7
2021-10-29,1783.0,436.957317992765,59306.93
2021-11-01,1795.0999755859375,438.0412387550335,60138.46
2021-11-02,1788.699951171875,439.4960062139577,60029.06
2021-11-03,1763.5999755859375,442.2724001417978,59771.92
2021-11-04,1793.0,444.0314318437602,60067.62
2021-11-08,1827.4000244140625,447.1025953661768,60545.61
2021-11-09,1830.199951171875,446.4750523466281,60433.45
2021-11-10,1847.5999755859373,444.3927685049816,60352.82
2021-11-11,1863.199951171875,442.4054955014499,59919.69
2021-11-12,1867.9000244140625,444.8490948355432,60686.69
2021-11-15,1866.0999755859373,445.7523782809208,60718.71
2021-11-16,1853.5999755859373,447.3497293227274,60322.37
2021-11-17,1869.699951171875,446.11367181585166,60008.33
2021-11-18,1861.0,446.89336374419054,59636.01
2021-11-22,1806.0,450.2497101192712,58465.89
2021-11-23,1783.5,446.0281189919321,58664.33
2021-11-24,1784.0999755859375,446.47499020415466,58340.99
2021-11-26,1785.300048828125,441.083912735613,57107.15
2021-11-29,1782.300048828125,443.6130739628271,57260.58
2021-11-30,1773.5999755859375,441.2075334991874,57064.87
2021-12-01,1781.5999755859375,441.8160744708106,57684.79
2021-12-02,1760.699951171875,436.4914411520709,58461.29
2021-12-03,1782.0,437.6609492763742,57696.46
2021-12-06,1777.5,438.12688385480993,56747.14
2021-12-07,1782.5999755859375,445.818969984146,57633.65
2021-12-08,1783.4000244140625,446.883892741032,58649.68
2021-12-09,1774.5999755859375,446.5320688500467,58807.13
2021-12-10,1782.9000244140625,447.7396280674142,58786.67
2021-12-13,1786.300048828125,447.41630797487454,58283.42
2021-12-14,1770.4000244140625,442.8333523996285,58117.09
2021-12-15,1762.5999755859375,447.7016299176194,57788.03
2021-12-16,1796.5999755859375,449.6127111619842,57901.14
2021-12-17,1803.800048828125,443.4349791298813,57011.74
2021-12-20,1793.699951171875,434.52313567977,55822.01
2021-12-21,1787.9000244140625,441.9750574240739,56319.01
2021-12-22,1801.5999755859373,446.36431110820615,56930.56
2021-12-23,1811.199951171875,450.54356544604246,57315.28
2021-12-27,1808.0999755859373,455.4287386896789,57420.24
2021-12-28,1810.199951171875,456.859947673958,57897.48
2021-12-29,1805.0999755859373,456.62148041138266,57806.49
2021-12-30,1812.699951171875,457.0412541047892,57794.32
2021-12-31,1827.5,454.99938576565216,58253.82
2022-01-03,1799.4000244140625,455.9439597356591,59183.22
2022-01-04,1814.0,457.976400089824,59855.93
2022-01-05,1824.5999755859373,456.0680879326196,60223.15
2022-01-06,1788.699951171875,449.236227685704,59601.84
2022-01-07,1797.0,447.6905579683228,59744.65
2022-01-10,1798.4000244140625,444.389145762566,60395.63
2022-01-11,1818.5999755859373,448.3107535722663,60616.89
2022-01-12,1827.199951171875,451.5072088965817,61150.04
2022-01-13,1821.199951171875,451.2018371563382,61235.3
2022-01-14,1816.5,443.7689575684762,61223.03
2022-01-18,1812.300048828125,438.8741284845824,60754.86
2022-01-19,1843.0999755859373,438.54012707476136,60098.82
2022-01-20,1842.5,437.71004946980986,59464.62
2022-01-21,1831.800048828125,427.51968650800586,59037.18
2022-01-24,1841.699951171875,420.1917972856983,57491.51
2022-01-25,1852.699951171875,419.5620294475353,57858.15
2022-01-27,1793.300048828125,421.3462975450848,57276.94
2022-01-28,1784.9000244140625,421.7375155522601,57200.23
2022-01-31,1795.0,429.6379456495716,58014.17
2022-02-01,1800.300048828125,432.8343362664221,58862.57
2022-02-02,1809.199951171875,437.1185101722649,59558.33
2022-02-03,1803.0,432.2046251763638,58788.02
2022-02-04,1806.5999755859373,432.02328907897765,58644.82
2022-02-07,1820.5999755859373,430.3153352851843,57621.19
2022-02-08,1826.5999755859373,431.2027236750706,57808.58
2022-02-09,1835.199951171875,436.88950394832347,58465.97
2022-02-10,1836.199951171875,436.7273187516464,58926.03
2022-02-11,1840.800048828125,430.9068819268008,58152.92
2022-02-14,1868.0,421.3558153101049,56405.84
2022-02-15,1854.800048828125,425.8212469118325,58142.05
2022-02-16,1870.199951171875,427.519709427688,57996.68
2022-02-17,1900.699951171875,426.09800086720514,57892.01
2022-02-18,1898.5999755859373,418.5506094455598,57832.97
2022-02-22,1906.0999755859373,415.5354645979192,57300.68
2022-02-23,1909.199951171875,413.3981749869801,57232.06
2022-02-24,1925.0999755859373,409.1044300817511,54529.91
2022-02-25,1886.5,417.76815214116806,55858.52
2022-02-28,1899.4000244140625,418.1116811978968,56247.28
2022-03-02,1920.9000244140625,419.5620128646921,55468.9
2022-03-03,1934.4000244140625,420.88825218251793,55102.68
2022-03-04,1965.0999755859373,413.5030949310613,54333.81
2022-03-07,1993.9000244140625,412.48211552013856,52842.75
2022-03-08,2040.0999755859373,407.62549308949895,53424.09
2022-03-09,1985.9000244140625,409.8201118893059,54647.33
2022-03-10,1998.0999755859373,406.88119371123713,55464.39
2022-03-11,1982.699951171875,409.1139861459758,55550.3
2022-03-14,1959.5999755859373,405.0874199990532,56486.02
2022-03-15,1928.5,407.2724782814784,55776.85
2022-03-16,1908.0,415.70721048260174,56816.65
2022-03-17,1942.0999755859373,420.8501586914063,57863.93
2022-03-21,1928.5999755859373,427.3163629142222,57292.49
2022-03-22,1920.699951171875,431.2597968066884,57989.3
2022-03-23,1936.5999755859373,429.2593791208495,57684.82
2022-03-24,1961.5999755859373,431.1831950629387,57595.68
2022-03-25,1953.800048828125,433.5568702646349,57362.2
2022-03-28,1939.5999755859373,436.3612365722656,57593.49
2022-03-29,1912.0,442.2570601645087,57943.65
2022-03-30,1933.5,441.4244198109338,58683.99
2022-03-31,1949.199951171875,439.08905319343927,58568.51
2022-04-01,1919.0999755859373,434.0162446710411,59276.69
2022-04-04,1929.199951171875,437.31837228036255,60611.74
2022-04-05,1922.9000244140625,438.19887398615793,60176.5
2022-04-06,1918.4000244140625,429.6804450644482,59610.41
2022-04-07,1933.800048828125,431.365060267896,59034.95
2022-04-08,1941.5999755859373,431.30757299996617,59447.18
2022-04-11,1944.300048828125,425.9190180515853,58964.57
2022-04-12,1972.0999755859373,426.63682084394617,58576.37
2022-04-13,1981.0,425.067168586458,58338.93
2022-04-18,1982.9000244140625,420.8941657682062,57166.74
2022-04-19,1955.699951171875,426.68469829277234,56463.15
2022-04-20,1952.300048828125,428.378831363182,57037.5
2022-04-21,1944.9000244140625,430.7142241013014,57911.68
2022-04-22,1931.0,419.2956922423888,57197.15
2022-04-25,1893.199951171875,410.3083832436051,56579.89
2022-04-26,1901.4000244140625,407.7719667682054,57356.61
2022-04-27,1885.9000244140625,404.7857184551526,56819.39
2022-04-28,1888.699951171875,411.21764345200137,57521.06
2022-04-29,1909.300048828125,407.6092524279669,57060.87
2022-05-02,1861.800048828125,398.08595983894696,56975.99
2022-05-04,1867.0,411.2367542258444,55669.03
2022-05-05,1874.0,406.7765971082307,55702.23
2022-05-06,1881.199951171875,397.0139635629779,54835.58
2022-05-09,1857.0999755859373,388.9837169953362,54470.67
2022-05-10,1839.9000244140625,388.66786975846736,54364.85
2022-05-11,1852.5999755859373,386.71533243954747,54088.39
2022-05-12,1823.800048828125,378.8286608701771,52930.31
2022-05-13,1807.4000244140625,385.8922010845884,52793.62
2022-05-16,1813.5,386.6483588529305,52973.84
2022-05-17,1818.199951171875,391.051078434093,54318.47
2022-05-18,1815.9000244140625,386.4856187934089,54208.53
2022-05-19,1841.199951171875,377.23984846720896,52792.23
2022-05-20,1841.800048828125,380.00587923277953,54326.39
2022-05-23,1847.800048828125,380.6759313342398,54288.61
2022-05-24,1865.0999755859373,378.2064411464474,54052.61
2022-05-25,1846.199951171875,382.3221889093592,53749.26
2022-05-26,1847.4000244140625,389.58670824579576,54252.53
2022-05-27,1851.300048828125,397.56907352208646,54884.66
2022-05-31,1842.699951171875,398.6027583682408,55566.41
2022-06-01,1843.300048828125,398.39216409196325,55381.17
2022-06-02,1866.5,399.5407643088337,55818.11
2022-06-03,1845.4000244140625,396.2865705593361,55769.23
2022-06-06,1839.199951171875,398.7463599076249,55675.32
2022-06-07,1847.5,398.3731251395839,55107.34
2022-06-08,1851.9000244140625,397.99016594394857,54892.49
2022-06-09,1848.800048828125,394.08514510729896,55320.28
2022-06-10,1871.5,378.8095653943306,54303.44
2022-06-13,1828.0,365.4385267550747,52846.7
2022-06-14,1809.5,361.7344496915932,52693.57
2022-06-15,1815.300048828125,367.4389134287406,52541.39
2022-06-16,1845.699951171875,355.0345247438989,51495.79
2022-06-17,1835.5999755859373,355.06866722021977,51360.42
2022-06-21,1834.5999755859373,361.9417251245957,52532.07
2022-06-22,1834.300048828125,364.0468690767001,51822.53
2022-06-23,1825.699951171875,364.15254047647903,52265.72
2022-06-24,1826.5,374.97629675059903,52727.98
2022-06-27,1820.9000244140625,376.1970920902603,53161.28
2022-06-28,1817.5,377.9273588138676,53177.45
2022-06-29,1813.699951171875,367.45925111275926,53026.97
2022-06-30,1804.0999755859373,365.91167520884255,53018.94
2022-07-01,1798.9000244140625,366.9113760661357,52907.93
2022-07-05,1761.800048828125,367.1804987732208,53134.35
2022-07-06,1734.9000244140625,370.9198225231262,53750.97
2022-07-07,1737.9000244140625,374.7263356291687,54178.46
2022-07-08,1740.5999755859375,375.5050033431722,54481.84
2022-07-11,1730.0,371.8810535124731,54395.23
2022-07-12,1723.300048828125,371.19858364143073,53886.61
2022-07-13,1734.199951171875,367.1228946666327,53514.15
2022-07-14,1704.5,364.3640354607223,53416.15
2022-07-15,1702.4000244140625,370.3238115830979,53760.78
2022-07-18,1709.199951171875,374.0150547552047,54521.15
2022-07-19,1710.0,377.6485672171722,54767.62
2022-07-20,1699.5,380.9072361713655,55397.53
2022-07-21,1712.699951171875,383.3873149788578,55681.95
2022-07-22,1727.0999755859375,384.675381819805,56072.23
2022-07-25,1719.0,381.1091124451077,55766.22
2022-07-26,1717.699951171875,378.79246480437615,55268.49
2022-07-27,1719.0999755859375,387.2707518773726,55816.32
2022-07-28,1750.300048828125,391.0388867502387,56857.79
2022-07-29,1762.9000244140625,397.0275158449995,57570.25
2022-08-01,1769.0,397.39280165613854,58115.5
2022-08-02,1771.0999755859375,396.9986672958745,58136.36
2022-08-03,1758.0,399.57487367334056,58350.53
2022-08-04,1788.5,399.007691013396,58298.8
2022-08-05,1772.9000244140625,398.1040863610416,58387.93
2022-08-08,1786.800048828125,401.43966346954056,58853.07
2022-08-10,1795.5999755859375,403.8620768465882,58817.29
2022-08-11,1789.699951171875,408.4857154811186,59332.6
2022-08-12,1798.5999755859375,410.6581227492092,59462.78
2022-08-16,1773.199951171875,415.003014536409,59842.21
2022-08-17,1760.300048828125,412.8593663931255,60260.13
2022-08-18,1755.300048828125,412.00390474572765,60298.0
2022-08-19,1747.5999755859375,408.7836286197996,59646.15
2022-08-22,1734.0,401.06476013232896,58773.87
2022-08-23,1746.800048828125,399.32493346298486,59031.3
2022-08-24,1747.800048828125,399.0269121844851,59085.43
2022-08-25,1757.699951171875,403.3045207872112,58774.72
2022-08-26,1736.0999755859375,403.6890531765384,58833.87
2022-08-29,1736.5999755859375,390.1160796790773,57972.62
2022-08-30,1723.199951171875,388.443488186333,59537.07
2022-09-01,1696.5999755859375,381.4071037068408,58766.59
2022-09-02,1709.800048828125,386.00191116388805,58803.33
2022-09-06,1700.4000244140625,378.850167040762,59196.99
2022-09-07,1715.300048828125,383.1469926318972,59028.91
2022-09-08,1708.0,385.3289987709693,59688.22
2022-09-09,1716.199951171875,391.7213955465298,59793.14
2022-09-12,1728.0999755859375,395.7778966245199,60115.13
2022-09-13,1705.0,387.48224868153255,60571.08
2022-09-14,1696.5,380.8495691402652,60346.97
2022-09-15,1665.4000244140625,380.61888856300754,59934.01
2022-09-16,1671.699951171875,372.8102500746001,58840.79
2022-09-19,1666.199951171875,375.0301818847656,59141.23
2022-09-20,1659.699951171875,372.6847668414529,59719.74
2022-09-21,1664.5999755859375,375.7638291726745,59456.78
2022-09-22,1670.800048828125,365.1368741933567,59119.72
2022-09-23,1645.300048828125,357.72408266182606,58098.92
2022-09-26,1623.300048828125,357.3283059181862,57145.22
2022-09-27,1626.699951171875,357.51181028517306,57107.52
2022-09-28,1660.4000244140625,359.3456083197045,56598.28
2022-09-29,1658.5,354.33619530627595,56409.96
2022-09-30,1662.4000244140625,353.17798547071806,57426.92
2022-10-03,1692.9000244140625,355.72613694099203,56788.81
2022-10-04,1721.0999755859375,364.84731433283,58065.47
2022-10-06,1711.699951171875,365.5422430949544,58222.1
2022-10-07,1700.5,360.30118125767257,58191.29
2022-10-10,1667.300048828125,351.53716008098354,57991.11
2022-10-11,1678.699951171875,350.3982071710006,57147.32
2022-10-12,1670.300048828125,347.2998964645448,57625.91
2022-10-13,1670.0,354.72238538567734,57235.33
2022-10-14,1641.699951171875,357.3766339562815,57919.97
2022-10-17,1657.0,355.17597624719497,58410.98
2022-10-18,1649.0,362.3860294846635,58960.6
2022-10-19,1627.5,358.9113281900581,59107.19
2022-10-20,1630.800048828125,359.70282975273767,59202.9
2022-10-21,1651.0,361.7586527465479,59307.15
2022-10-24,1648.699951171875,366.83563800442863,59831.66
2022-10-25,1652.800048828125,371.84502429188666,59543.96
2022-10-27,1660.699951171875,371.6037389212352,59756.84
2022-10-28,1639.5999755859375,375.9664279100701,59959.85
2022-10-31,1635.9000244140625,374.8854372609098,60746.59
2022-11-01,1645.0,376.8061863460737,61121.35
2022-11-02,1645.699951171875,375.1074572363301,60906.09
2022-11-03,1627.300048828125,361.1795603415953,60836.41
2022-11-04,1672.5,365.687065754513,60950.36
2022-11-07,1676.5,367.3279143145692,61185.15
2022-11-09,1710.0999755859375,367.8780620529582,61033.55
2022-11-10,1750.300048828125,381.2944009586985,60613.7
2022-11-11,1766.0,385.4544756314829,61795.04
2022-11-14,1773.5999755859375,386.2555142489117,61624.15
2022-11-15,1773.800048828125,388.3114476524272,61872.99
2022-11-16,1773.0,383.939068693557,61980.72
2022-11-17,1760.800048828125,381.2075637799826,61750.6
2022-11-18,1751.9000244140625,383.96800180564105,61663.48
2022-11-21,1737.4000244140625,382.0472585453057,61144.84
2022-11-22,1738.300048828125,386.14938826002486,61418.96
2022-11-23,1744.9000244140625,388.9098979099578,61510.58
2022-11-25,1753.300048828125,388.8905846687936,62293.64
2022-11-28,1740.0999755859375,386.8636210091042,62504.8
2022-11-29,1748.4000244140625,383.4757647990618,62681.84
2022-11-30,1746.0,393.4945983886719,63099.65
2022-12-01,1801.0999755859375,395.733817473452,63284.19
2022-12-02,1795.9000244140625,393.6683304969703,62868.5
2022-12-05,1767.4000244140625,390.8402851353554,62834.6
2022-12-06,1769.300048828125,386.07215893019634,62626.36
2022-12-07,1785.5,381.8735150807104,62410.68
2022-12-08,1788.699951171875,383.5336610884183,62570.68
2022-12-09,1798.0999755859375,383.7846262783676,62181.67
2022-12-12,1780.5,385.06842041015625,62130.57
2022-12-13,1813.9000244140625,396.20677741188746,62533.3
2022-12-14,1807.5,391.3904391039446,62677.91
2022-12-15,1777.199951171875,381.49707638111954,61799.03
2022-12-16,1790.0,374.8421859114013,61337.81
2022-12-19,1787.699951171875,372.16596040837743,61806.19
2022-12-20,1815.9000244140625,370.62428426038457,61702.29
2022-12-21,1815.9000244140625,375.6469718651165,61067.24
2022-12-22,1787.0,374.4834223249137,60826.22
2022-12-23,1795.9000244140625,371.429100502328,59845.29
2022-12-27,1814.800048828125,371.5163223546151,60927.43
2022-12-28,1807.9000244140625,371.7490237119467,60910.28
2022-12-29,1819.5,372.6798888580042,61133.88
2022-12-30,1819.699951171875,370.9636158642574,60840.74
2023-01-03,1839.699951171875,374.69669716086906,61294.2
2023-01-04,1852.800048828125,374.163443833952,60657.45
2023-01-05,1834.800048828125,370.2461075389231,60353.27
2023-01-06,1864.199951171875,377.43114952851016,59900.37
2023-01-09,1872.699951171875,381.7460179093739,60747.31
2023-01-10,1871.5999755859373,378.78861532136347,60115.48
2023-01-11,1874.5999755859373,383.5882991798433,60105.5
2023-01-12,1895.5,386.3905866838269,59958.03
2023-01-13,1918.4000244140625,386.98205655853417,60261.18
2023-01-17,1907.199951171875,388.0777718330717,60655.72
2023-01-18,1904.4000244140625,387.9710896015496,61045.74
2023-01-19,1922.0999755859373,379.2055472159111,60858.43
2023-01-20,1926.4000244140625,384.0149171474696,60621.77
2023-01-23,1927.0999755859373,390.4242317555636,60941.67
2023-01-24,1933.9000244140625,388.9697821912986,60978.75
2023-01-25,1941.199951171875,388.5334400446893,60205.06
2023-01-27,1928.5999755859373,395.7669228266242,59330.9
2023-01-30,1922.9000244140625,392.8290092576841,59500.41
2023-01-31,1929.5,394.1864399734376,59549.9
2023-02-01,1927.800048828125,401.10966467538105,59708.08
2023-02-02,1916.300048828125,405.6087567041384,59932.24
2023-02-03,1862.9000244140625,404.3094905953678,60841.88
2023-02-06,1866.199951171875,398.801952106259,60506.9
2023-02-07,1871.699951171875,403.8439814552216,60286.04
2023-02-08,1877.4000244140625,401.9435616739897,60663.79
2023-02-09,1866.199951171875,401.9822938031944,60806.22
2023-02-10,1862.800048828125,396.0384835935151,60682.7
2023-02-13,1851.9000244140625,400.4308988497679,60431.84
2023-02-14,1854.0,402.4476992787752,61032.26
2023-02-15,1834.199951171875,401.4878362491568,61275.09
2023-02-16,1842.0,400.37272377802026,61319.51
2023-02-17,1840.4000244140625,395.1366963059818,61002.57
2023-02-21,1833.0,391.8884168043037,60672.72
2023-02-22,1832.0,388.95038142762166,59744.98
2023-02-23,1818.0,389.9879695572109,59605.8
2023-02-24,1808.800048828125,385.1882142813148,59463.93
2023-02-27,1817.0,389.1055298638057,59288.35
2023-02-28,1828.9000244140625,387.1565023426797,58962.12
2023-03-01,1837.699951171875,384.64516732872994,59411.08
2023-03-02,1833.5,386.5844862641744,58909.35
2023-03-03,1847.699951171875,392.1696260301451,59808.97
2023-03-06,1847.9000244140625,395.07855440341785,60224.46
2023-03-08,1812.699951171875,387.57354797999176,60348.09
2023-03-09,1829.300048828125,389.2897689515942,59806.28
2023-03-10,1862.0,381.22240209446096,59135.13
2023-03-13,1911.699951171875,378.53651154881794,58237.85
2023-03-14,1906.199951171875,381.503561174823,57900.19
2023-03-15,1926.5999755859373,377.6638205167476,57555.9
2023-03-16,1919.0,384.43187880252935,57634.84
2023-03-17,1969.800048828125,383.88431043853336,57989.9
2023-03-20,1979.199951171875,383.6604705582515,57628.95
2023-03-21,1938.0,388.7606554675455,58074.68
2023-03-22,1946.800048828125,391.7585819883391,58214.59
2023-03-23,1993.800048828125,388.64392379045967,57925.28
2023-03-24,1982.0999755859373,385.2858695058495,57527.1
2023-03-27,1952.4000244140625,388.2837811167207,57653.86
2023-03-28,1972.4000244140625,385.91850085433646,57613.72
2023-03-29,1966.0999755859373,390.89226010281504,57960.09
2023-03-31,1969.0,398.7763415903642,58991.52
2023-04-03,1983.9000244140625,400.40182709214633,59106.44
2023-04-05,2020.9000244140625,397.8030380033646,59689.31
2023-04-06,2011.9000244140625,398.5622139105367,59832.97
2023-04-10,1989.0999755859373,398.7665738062669,59846.51
2023-04-11,2004.800048828125,400.2168405673306,60157.72
2023-04-12,2010.9000244140625,401.1804936873702,60392.77
2023-04-13,2041.300048828125,402.8059308530377,60431.0
2023-04-17,1994.199951171875,402.922745849714,59910.75
2023-04-18,2007.4000244140625,404.6358256413118,59727.01
2023-04-19,1995.199951171875,404.0128712458677,59567.8
2023-04-20,2007.5999755859373,402.6697357740951,59632.35
2023-04-21,1979.5,401.676869218609,59655.06
2023-04-24,1989.0999755859373,402.0564751654656,60056.1
2023-04-25,1994.0,400.19740875860384,60130.71
2023-04-26,1985.699951171875,396.965929748478,60300.58
2023-04-27,1989.9000244140625,401.686626309786,60649.38
2023-04-28,1990.0999755859373,404.84998335831295,61112.44
2023-05-02,2014.300048828125,403.75981875546177,61354.71
2023-05-03,2028.5999755859373,402.8351429837371,61193.3
2023-05-04,2048.0,396.4111433061281,61749.25
2023-05-05,2017.4000244140625,402.68913851614656,61054.29
2023-05-08,2026.300048828125,402.2219592534578,61764.25
2023-05-09,2036.199951171875,401.1025550307242,61761.33
2023-05-10,2030.5,403.4873193943634,61940.2
2023-05-11,2014.699951171875,401.4335298607705,61904.52
2023-05-12,2014.5,402.6113571076936,62027.9
2023-05-15,2018.0,402.406893003121,62345.71
2023-05-16,1988.4000244140625,401.81316032040905,61932.47
2023-05-17,1980.699951171875,404.7721132125985,61560.64
2023-05-18,1956.5,408.4805780223372,61431.74
2023-05-19,1978.699951171875,409.502479896127,61729.68
2023-05-22,1974.800048828125,409.1813081232912,61963.68
2023-05-23,1972.4000244140625,407.55581200584857,61981.79
2023-05-24,1962.800048828125,401.8131875202735,61773.78
2023-05-25,1943.0999755859373,405.0640787508319,61872.62
2023-05-26,1944.0999755859373,409.5512006195042,62501.69
2023-05-30,1958.0,411.3129019931037,62969.13
2023-05-31,1963.9000244140625,408.04254353572287,62622.24
2023-06-01,1978.0,411.6438888093061,62428.54
2023-06-02,1952.4000244140625,417.30867318618937,62547.11
2023-06-05,1958.0,418.1652325538747,62787.47
2023-06-06,1965.5,417.1529690023909,62792.88
2023-06-07,1942.699951171875,418.1652159848775,63142.96
2023-06-08,1963.5999755859373,418.1457937854074,62848.64
2023-06-09,1962.199951171875,420.4720157510119,62625.63
2023-06-12,1955.300048828125,422.3116482769107,62724.71
2023-06-13,1944.5999755859373,425.6696365204742,63143.16
2023-06-14,1955.300048828125,427.3534995978581,63228.51
2023-06-15,1957.800048828125,432.0644600219507,62917.63
2023-06-16,1958.4000244140625,433.3860747690242,63384.58
2023-06-20,1935.5,428.266854946588,63327.7
2023-06-21,1933.300048828125,426.9186350591157,63523.15
2023-06-22,1912.699951171875,426.5572491119716,63238.89
2023-06-23,1919.0999755859373,425.03316856817855,62979.37
2023-06-26,1923.699951171875,424.5935061786807,62970.0
2023-06-27,1914.0,426.74281861737984,63416.03
2023-06-28,1912.300048828125,427.3583082207874,63915.42
2023-06-30,1921.0999755859373,434.0602020209229,64718.56
2023-07-03,1921.699951171875,433.8452455680432,65205.05
2023-07-05,1919.5999755859373,433.6596690923143,65446.04
2023-07-06,1908.699951171875,429.9569612545191,65785.64
2023-07-07,1926.199951171875,432.4384516382133,65280.45
2023-07-10,1925.0,429.7029439694152,65344.17
2023-07-11,1931.300048828125,432.7608898689312,65617.84
2023-07-12,1956.199951171875,437.1669123093836,65393.9
2023-07-13,1959.199951171875,440.0000831998298,65558.89
2023-07-14,1960.0999755859373,440.9574640329814,66060.9
2023-07-17,1952.4000244140625,441.5143380247665,66589.93
2023-07-18,1977.199951171875,444.3768012972551,66795.14
2023-07-19,1977.5,445.9106173943114,67097.44
2023-07-20,1968.300048828125,444.6112604419824,67571.9
2023-07-21,1964.300048828125,443.7027014214693,66684.26
2023-07-24,1960.300048828125,444.5526925899651,66384.78
2023-07-25,1962.0999755859373,446.2134778284607,66355.71
2023-07-26,1968.9000244140625,446.4577120825388,66707.2
2023-07-27,1945.4000244140625,448.8512668295463,66266.82
2023-07-28,1960.4000244140625,447.2295084657308,66160.2
2023-07-31,1970.5,447.6007561424109,66527.67
2023-08-01,1940.699951171875,446.7117462287747,66459.31
2023-08-02,1937.4000244140625,443.0677452943879,65782.78
2023-08-03,1932.0,440.4006452008389,65240.68
2023-08-04,1939.5999755859373,442.4619687698737,65721.25
2023-08-07,1933.5,440.47879530609856,65721.25
2023-08-08,1924.0999755859373,440.312724062817,65846.5
2023-08-09,1915.4000244140625,438.847275715875,65995.81
2023-08-10,1914.4000244140625,441.2896839180247,65688.18
2023-08-11,1912.9000244140625,436.4048772830147,65322.65
2023-08-14,1910.5999755859373,437.7824096679688,65401.92
2023-08-16,1896.0999755859373,433.9429745293161,65539.42
2023-08-17,1884.0999755859373,431.2563556808056,65151.02
2023-08-18,1886.0999755859373,427.48534935080414,64948.66
2023-08-21,1893.300048828125,429.966751099539,65216.09
2023-08-22,1896.4000244140625,431.0120765171459,65220.03
2023-08-23,1918.5,433.444722197635,65433.3
2023-08-24,1918.199951171875,434.9590198508384,65252.34
2023-08-25,1911.0999755859373,431.1293208653132,64886.51
2023-08-28,1917.9000244140625,433.18095952187946,64996.6
2023-08-29,1936.5,439.09152172911735,65075.82
2023-08-30,1944.300048828125,441.2603626085042,65087.25
2023-08-31,1938.199951171875,442.39361906506304,64831.41
2023-09-01,1939.800048828125,443.2142664491309,65387.16
2023-09-05,1926.199951171875,440.6644141397317,65780.26
2023-09-06,1918.0999755859373,438.1731741919241,65880.52
2023-09-07,1917.5,435.281383369377,66265.56
2023-09-08,1918.4000244140625,436.8054268353858,66598.91
2023-09-11,1923.300048828125,438.4271958132665,67127.08
2023-09-12,1911.300048828125,438.1927422425825,67221.13
2023-09-13,1909.0999755859373,437.391563844118,67466.99
2023-09-14,1910.0,440.6839371233629,67519.0
2023-09-15,1923.699951171875,438.7089906852887,67838.63
2023-09-18,1931.5,436.2481794178346,67596.84
2023-09-20,1945.5999755859373,435.7285077001764,66800.84
2023-09-21,1919.199951171875,427.4245402914484,66230.24
2023-09-22,1925.4000244140625,425.5911984276143,66009.15
2023-09-25,1916.5999755859373,423.797067953463,66023.69
2023-09-26,1900.4000244140625,421.3950616505338,65945.47
2023-09-27,1871.5999755859373,419.2872154600197,66118.69
2023-09-28,1860.4000244140625,421.8167066581407,65508.32
2023-09-29,1848.0999755859373,423.3853524138536,65828.41
2023-10-03,1824.5999755859373,418.9931520460595,65512.1
2023-10-04,1818.5,417.0911391343346,65226.04
2023-10-05,1816.5999755859373,417.0323552612229,65631.57
2023-10-06,1830.199951171875,422.6794363277748,65995.63
2023-10-09,1849.5,424.3951127126172,65512.39
2023-10-10,1861.0,428.6500451050346,66079.36
2023-10-11,1872.800048828125,428.0225530551518,66473.05
2023-10-12,1869.300048828125,428.7677123590432,66408.39
2023-10-13,1927.4000244140625,427.8951315209917,66282.74
2023-10-16,1921.0999755859373,428.5716088851418,66166.93
2023-10-17,1922.699951171875,429.5520121750666,66428.09
2023-10-18,1955.300048828125,426.6500502828491,65877.02
2023-10-19,1968.4000244140625,424.336359046486,65629.24
2023-10-20,1982.5,418.1794058713674,65397.62
2023-10-23,1976.300048828125,416.1303793610577,64571.88
2023-10-25,1984.0999755859373,413.6499694539801,64049.06
2023-10-26,1987.199951171875,409.1499293894757,63148.15
2023-10-27,1988.5999755859373,406.4734262191426,63782.8
2023-10-30,1996.199951171875,408.5126621179571,64112.65
2023-10-31,1985.199951171875,410.3263871537701,63874.93
2023-11-01,1978.800048828125,415.19898935884856,63591.33
2023-11-02,1985.5999755859373,422.4735483378235,64080.9
2023-11-03,1991.5,427.73832224351617,64363.78
2023-11-06,1981.5999755859373,427.6010301071179,64958.69
2023-11-07,1966.800048828125,429.0127895786735,64942.4
2023-11-08,1951.5,429.5030360442057,64975.61
2023-11-09,1964.199951171875,429.8755867661766,64832.2
2023-11-10,1932.5999755859373,432.28733716521367,64904.68
2023-11-13,1945.5,432.6794678903552,64933.87
2023-11-15,1960.0999755859373,442.532535106178,65675.93
2023-11-16,1983.9000244140625,441.728608865192,65982.48
2023-11-17,1981.5999755859373,442.57175775870127,65794.73
2023-11-20,1977.699951171875,446.2090214823546,65655.15
2023-11-21,1999.300048828125,445.228565121146,65930.77
2023-11-22,1991.4000244140625,447.4344934312076,66023.24
2023-11-24,2002.199951171875,446.57176316267487,65970.04
2023-11-28,2039.699951171875,447.3266706098767,66174.2
2023-11-29,2047.0999755859373,449.3364901721464,66901.91
2023-11-30,2038.0999755859373,447.8070913053535,66988.44
2023-12-01,2071.0,450.64043433670565,67481.19
2023-12-04,2024.0999755859373,450.1207656118408,68865.12
2023-12-05,2018.5,448.6207929946436,69296.14
2023-12-06,2030.5,449.8462671396938,69653.73
2023-12-07,2029.9000244140625,449.90511109651214,69521.69
2023-12-08,1998.300048828125,451.7188644947949,69825.6
2023-12-11,1978.0,453.1110038301833,69928.53
2023-12-12,1977.800048828125,455.1012197102697,69551.03
2023-12-13,1982.300048828125,461.5326537987916,69584.6
2023-12-14,2030.199951171875,464.4444356942921,70514.2
2023-12-15,2021.0999755859373,463.3448027683504,71483.75
2023-12-18,2026.300048828125,465.5891979977767,71315.09
2023-12-19,2038.4000244140625,467.4988717162607,71437.19
2023-12-20,2034.5,468.463564120894,70506.31
2023-12-21,2039.0999755859373,465.5892221492984,70865.1
2023-12-22,2057.10009765625,467.95172664933614,71106.96
2023-12-26,2058.199951171875,469.1328982578853,71336.8
2023-12-27,2081.89990234375,469.2116759586534,72038.43
2023-12-28,2073.89990234375,470.087758097476,72410.38
2023-12-29,2062.39990234375,469.5759063860518,72240.26
2024-01-02,2064.39990234375,466.2684239206621,71892.48
2024-01-03,2034.199951171875,463.8271520560434,71356.6
2024-01-04,2042.300048828125,463.60076051558326,71847.57
2024-01-05,2042.4000244140625,463.0888879305801,72026.15
2024-01-08,2026.5999755859373,467.3315184880514,71355.22
2024-01-09,2026.4000244140625,467.50867821085495,71386.21
2024-01-10,2021.699951171875,469.9893273994707,71657.71
2024-01-11,2014.300048828125,470.6488863198256,71721.18
2024-01-12,2046.699951171875,471.1213649072348,72568.45
2024-01-16,2026.0,469.1624691072126,73128.77
2024-01-17,2002.5999755859373,465.4021906608292,71500.76
2024-01-18,2018.5999755859373,469.60541185803214,71186.86
2024-01-19,2026.5,475.1769868621682,71683.23
2024-01-23,2023.699951171875,477.5296323057773,70370.55
2024-01-24,2013.9000244140625,481.1324259207397,71060.31
2024-01-25,2016.9000244140625,480.67964572380765,70700.67
2024-01-29,2025.199951171875,483.741094442306,71941.57
2024-01-30,2031.5,483.9379341352055,71139.9
2024-01-31,2048.39990234375,481.4376037086251,71752.11
2024-02-01,2053.0,481.5852856325511,71645.3
2024-02-02,2036.0999755859373,488.29869237101855,72085.63
2024-02-05,2025.699951171875,486.6547841363199,71731.42
2024-02-06,2034.5,486.5957614349735,72186.09
2024-02-07,2035.199951171875,490.7399545059153,72152.0
2024-02-08,2032.199951171875,490.9171238616504,71428.43
2024-02-09,2023.300048828125,493.8111753411615,71595.49
2024-02-12,2018.199951171875,495.6323145741017,71072.49
2024-02-13,1992.9000244140625,489.3224724499517,71555.19
2024-02-14,1990.300048828125,491.271483819326,71822.83
2024-02-15,2002.0999755859373,494.3525913081241,72050.38
2024-02-20,2027.5,490.62180004128993,73057.4
2024-02-21,2022.300048828125,489.59805519099353,72623.09
2024-02-22,2019.699951171875,500.5443143261037,73158.24
2024-02-23,2038.5999755859373,502.1587086552498,73142.8
2024-02-26,2028.5,500.8002557857889,72790.13
2024-02-27,2034.0,499.2350532783497,73095.22
2024-02-28,2033.0,498.9397519322539,72304.88
2024-02-29,2045.699951171875,501.7747809579252,72500.3
2024-03-01,2086.89990234375,505.2692780599264,73745.35
2024-03-04,2117.699951171875,506.1651038495938,73872.29
2024-03-05,2133.5,502.719776188894,73677.13
2024-03-06,2150.300048828125,504.0683922997588,74085.99
2024-03-07,2158.0,507.8286435180655,74119.39
2024-03-11,2182.5,503.8813408255942,73502.64
2024-03-12,2160.39990234375,509.2954343627493,73667.96
2024-03-13,2175.39990234375,509.2067293299221,72761.89
2024-03-14,2163.0,509.0492787181122,73097.28
2024-03-15,2157.300048828125,505.2692230649925,72643.43
2024-03-18,2160.699951171875,509.0016187690362,72748.42
2024-03-19,2156.300048828125,509.5151545205673,72012.05
2024-03-20,2157.89990234375,514.0770367347149,72101.69
2024-03-21,2182.39990234375,517.5231763815539,72641.19
2024-03-26,2175.60009765625,515.0250632840681,72470.3
2024-03-27,2190.60009765625,516.6345676089135,72996.31
2024-03-28,2217.39990234375,518.0169622820405,73651.35
2024-04-01,2236.5,517.7897874357077,74014.55
2024-04-02,2261.0,512.4577137930522,73903.91
2024-04-03,2294.39990234375,514.4029477306854,73876.82
2024-04-04,2288.800048828125,517.2862060989289,74227.63
2024-04-05,2325.699951171875,513.8993301021636,74248.22
2024-04-08,2331.699951171875,513.6425395902407,74742.5
2024-04-09,2343.5,514.2054170815929,74683.7
2024-04-10,2329.60009765625,509.67309288761504,75038.15
2024-04-12,2356.199951171875,509.3374110629711,74244.9
2024-04-15,2365.800048828125,508.82393922642535,73399.78
2024-04-16,2390.800048828125,500.1345187428283,72943.68
2024-04-18,2382.300048828125,497.79432781744384,72488.99
2024-04-19,2398.39990234375,494.1704528693444,73088.33
2024-04-22,2332.199951171875,496.0663016240086,73648.62
2024-04-23,2327.699951171875,499.7296692081934,73738.45
2024-04-24,2324.5,500.9935560263741,73852.94
2024-04-25,2329.800048828125,497.932519054716,74339.44
2024-04-26,2334.800048828125,503.4720723023647,73730.16
2024-04-29,2345.39990234375,504.33114161625775,74671.28
2024-04-30,2291.39990234375,503.1560499967319,74482.78
2024-05-02,2299.199951171875,499.5321909315141,74611.11
2024-05-03,2299.0,506.1084937698732,73878.15
2024-05-06,2321.60009765625,510.1174174924548,73895.54
2024-05-07,2315.199951171875,512.0528598136372,73511.85
2024-05-08,2313.60009765625,511.2332613347168,73466.39
2024-05-09,2332.10009765625,513.6722873367964,72404.17
2024-05-10,2367.300048828125,516.0716777683562,72664.47
2024-05-13,2336.10009765625,516.1013552905981,72776.13
2024-05-14,2353.39990234375,517.246756798696,73104.61
2024-05-15,2388.699951171875,523.4181658986269,72987.03
2024-05-16,2380.0,524.8400435894835,73663.72
2024-05-17,2412.199951171875,522.8652090411972,73917.03
2024-05-21,2421.699951171875,524.8401518594475,73953.31
2024-05-22,2389.199951171875,524.7018950646127,74221.06
2024-05-23,2335.0,526.3705437441218,75418.04
2024-05-24,2332.5,523.6058407166882,75410.39
2024-05-28,2355.199951171875,523.8428261329518,75170.45
2024-05-29,2340.300048828125,520.6829740747881,74502.9
2024-05-30,2342.89990234375,518.5995297613006,73885.6
2024-05-31,2322.89990234375,520.8706195756462,73961.31
2024-06-03,2346.60009765625,522.6579028598898,76468.78
2024-06-04,2325.5,522.49990899419,72079.05
2024-06-05,2354.10009765625,527.9702684234203,74382.24
2024-06-06,2370.300048828125,528.6910711058155,75074.51
2024-06-07,2305.199951171875,530.1426384879702,76693.36
2024-06-10,2307.699951171875,529.253909134287,76490.08
2024-06-11,2307.5,530.2610867954452,76456.59
2024-06-12,2336.0,537.2817809327009,76606.57
2024-06-13,2300.199951171875,536.5016968534992,76810.9
2024-06-14,2331.39990234375,535.9882097983759,76992.77
2024-06-18,2330.39990234375,541.725233844278,77301.14
2024-06-20,2353.800048828125,543.206333734204,77478.93
2024-06-21,2316.39990234375,540.5307472774641,77209.9
2024-06-24,2330.0,541.8185338516724,77341.08
2024-06-25,2316.60009765625,540.0849075862001,78053.52
2024-06-26,2299.199951171875,541.1151605924962,78674.25
2024-06-27,2324.5,541.8284487491936,79243.18
2024-06-28,2327.699951171875,545.1173392760371,79032.73
2024-07-01,2327.60009765625,540.758544752217,79476.19
2024-07-02,2323.0,543.8592529296875,79441.45
2024-07-03,2359.800048828125,546.6527176503928,79986.8
2024-07-05,2388.5,549.8424670776978,79996.6
2024-07-08,2355.199951171875,551.0312439407816,79960.38
2024-07-09,2360.10009765625,551.9525727530728,80351.64
2024-07-10,2372.199951171875,556.4004030574295,79924.77
2024-07-11,2415.0,557.0542459098444,79897.34
2024-07-12,2414.0,558.3816118783382,80519.34
2024-07-15,2422.89990234375,559.5406617004013,80664.86
2024-07-16,2462.39990234375,559.8575980887277,80716.55
2024-07-18,2451.800048828125,554.2705999484662,81343.46
2024-07-19,2395.5,548.8816891943164,80604.65
2024-07-22,2392.0,550.0605284790182,80502.08
2024-07-23,2404.60009765625,551.5166019194357,80429.04
2024-07-24,2413.300048828125,544.0176699808688,80148.88
2024-07-25,2351.89990234375,542.3237843826932,80039.8
2024-07-26,2380.0,542.0562919162144,81332.72
2024-07-29,2377.300048828125,541.9176024979843,81355.84
2024-07-30,2405.0,542.2049049678778,81455.4
2024-07-31,2426.5,548.3070989978249,81741.34
2024-08-01,2435.0,549.6641807633281,81867.55
2024-08-02,2425.699951171875,531.9519846487756,80981.95
2024-08-05,2401.699951171875,518.6677835651788,78759.4
2024-08-06,2389.10009765625,524.7799553554416,78593.07
2024-08-07,2390.5,526.6026277008622,79468.01
2024-08-08,2422.199951171875,526.3053973005219,78886.22
2024-08-09,2432.10009765625,529.495199519807,79705.91
2024-08-12,2462.39990234375,530.7037884446491,79648.92
2024-08-13,2466.699951171875,537.1923889659508,78956.03
2024-08-14,2439.39990234375,539.847229165935,79105.88
2024-08-16,2498.60009765625,549.8127965494804,80436.84
2024-08-19,2501.800048828125,554.3597412109375,80424.68
2024-08-20,2511.300048828125,555.5782501123483,80802.86
2024-08-21,2508.39990234375,556.8362405615584,80905.3
2024-08-22,2478.89990234375,557.8962490623195,81053.19
2024-08-23,2508.39990234375,557.8070941103703,81086.21
2024-08-26,2517.699951171875,558.6193486946379,81698.11
2024-08-27,2516.0,556.7867518721707,81711.76
2024-08-28,2501.0,556.3806796641229,81785.56
2024-08-29,2525.699951171875,558.3915218624276,82134.61
2024-08-30,2493.800048828125,558.9066812293946,82365.77
2024-09-03,2489.89990234375,555.5484662312776,82555.44
2024-09-04,2493.39990234375,549.2283371934773,82352.64
2024-09-05,2511.39990234375,548.6043056443475,82201.16
2024-09-06,2493.5,546.4248189179493,81183.93
2024-09-09,2501.800048828125,542.5713599602232,81559.54
2024-09-10,2512.300048828125,543.9979648614943,81921.29
2024-09-11,2512.10009765625,550.1495670752728,81523.16
2024-09-12,2551.199951171875,554.151754700655,82962.71
2024-09-13,2581.300048828125,557.7476322358331,82890.94
2024-09-16,2580.39990234375,557.8268739812047,82988.78
2024-09-17,2564.300048828125,561.2643713841238,83079.66
2024-09-18,2570.699951171875,563.354579399442,82948.23
2024-09-19,2588.0,567.5052452619498,83184.8
2024-09-20,2619.89990234375,565.6985982057745,84544.31
2024-09-23,2626.5,566.7121216588677,84928.61
2024-09-24,2651.199951171875,567.7355202798775,84914.04
2024-09-25,2659.199951171875,568.2622511765038,85169.87
2024-09-26,2669.89990234375,571.064362885533,85836.12
2024-09-27,2644.300048828125,570.5774039966909,85571.85
2024-09-30,2636.10009765625,570.7364235043248,84299.78
2024-10-01,2667.300048828125,570.4184330981693,84266.29
2024-10-03,2657.10009765625,566.185499206709,82497.1
2024-10-04,2645.800048828125,569.7228701967099,81688.45
2024-10-07,2644.800048828125,568.3318263939267,81050.0
2024-10-08,2615.0,570.1402952518803,81634.81
2024-10-09,2606.0,574.0453343695604,81467.1
2024-10-10,2620.60009765625,573.9161558957669,81611.41
2024-10-11,2657.60009765625,576.6486847463361,81381.36
2024-10-14,2647.800048828125,581.5573891736228,81973.05
2024-10-15,2661.39990234375,581.1896890869497,81820.12
2024-10-16,2674.0,579.1328682582629,81501.36
2024-10-17,2691.0,582.4019270642203,81006.61
2024-10-18,2713.699951171875,581.6765658652295,81224.75
2024-10-21,2723.10009765625,581.1399661656003,81151.27
2024-10-22,2744.199951171875,580.7922584378235,80220.72
2024-10-23,2714.39990234375,578.0199813159995,80081.98
2024-10-24,2734.89990234375,576.3803573236686,80065.16
2024-10-25,2740.89990234375,580.7524830298728,79402.29
2024-10-28,2742.89990234375,579.013648071529,80005.04
2024-10-29,2768.39990234375,579.2122510622435,80369.03
2024-10-30,2788.5,579.6197502905108,79942.18
2024-10-31,2738.300048828125,571.9785478103307,79389.06
2024-11-01,2738.60009765625,571.8990031889416,79724.12
2024-11-04,2736.10009765625,568.8683117841309,78782.24
2024-11-05,2740.300048828125,573.0814724758461,79476.63
2024-11-06,2667.60009765625,588.1751404085513,80378.13
2024-11-07,2698.39990234375,592.8651676361171,79541.79
2024-11-08,2687.5,595.8361998006164,79486.32
2024-11-11,2611.199951171875,596.362759831691,79496.15
2024-11-12,2600.0,595.48844063711,78675.18
2024-11-13,2580.800048828125,595.4287708447639,77690.95
2024-11-14,2568.199951171875,594.0177893902365,77580.31
2024-11-18,2610.60009765625,585.75053306763,77339.01
2024-11-19,2627.10009765625,587.2907160283254,77578.38
2024-11-21,2672.10009765625,591.344866826489,77155.79
2024-11-22,2709.89990234375,592.3683766226027,79117.11
2024-11-25,2616.800048828125,597.0484566493915,80109.85
2024-11-26,2620.300048828125,597.5154618364036,80004.06
2024-11-27,2639.89990234375,597.0384558306165,80234.08
2024-11-29,2657.0,599.5226352519451,79802.79
2024-12-02,2634.89990234375,600.4865287602358,80248.08
2024-12-03,2644.699951171875,600.3274546400478,80845.75
2024-12-04,2653.800048828125,604.0537119830409,80956.33
2024-12-05,2626.60009765625,604.6201076752798,81765.86
2024-12-06,2638.60009765625,605.2063625778626,81709.12
2024-12-09,2664.89990234375,604.0039974916313,81508.46
2024-12-10,2697.60009765625,601.9571047996105,81510.05
2024-12-11,2733.800048828125,604.5703850257809,81526.14
2024-12-12,2687.5,603.3084642377864,81289.96
2024-12-13,2656.0,603.2787185052333,82133.12
2024-12-16,2651.39990234375,603.9245667615821,81748.57
2024-12-17,2644.39990234375,601.3310876116105,80684.45
2024-12-18,2636.5,602.5632240884986,80182.2
2024-12-19,2592.199951171875,589.2382727831096,79218.05
2024-12-20,2628.699951171875,593.963254751842,78041.59
2024-12-23,2612.300048828125,593.5145890145251,78540.17
2024-12-24,2620.0,599.5365010094702,78472.87
2024-12-26,2638.800048828125,600.673033709029,78472.48
2024-12-27,2617.199951171875,595.9871755936747,78699.07
2024-12-30,2606.10009765625,589.9652730101648,78248.13
2024-12-31,2629.199951171875,588.8685869923663,78139.01
2025-01-02,2658.89990234375,589.3571225168115,79943.71
2025-01-03,2645.0,590.8226355752365,79223.11
2025-01-06,2638.39990234375,597.9014122494413,77964.99
2025-01-07,2656.699951171875,595.9572670439192,78199.11
2025-01-08,2664.5,588.8087424972755,78148.49
2025-01-10,2708.5,584.1926084677874,77378.91
2025-01-13,2673.5,580.0052069477971,76330.01
2025-01-14,2677.5,583.2454785560273,76499.63
2025-01-15,2712.5,592.1586914849061,76724.08
2025-01-16,2746.39990234375,592.5674339582336,77042.82
2025-01-17,2744.300048828125,597.562410619056,76619.33
2025-01-21,2755.0,601.2513127523598,75838.36
2025-01-22,2767.60009765625,605.9970207281947,76404.99
2025-01-23,2763.10009765625,607.9212646484375,76520.38
2025-01-24,2777.300048828125,608.9481760680518,76190.46
2025-01-27,2737.5,597.8914352658803,75366.17
2025-01-28,2766.800048828125,603.5543965921443,75901.41
2025-01-29,2769.10009765625,602.3181151413867,76532.96
2025-01-30,2823.0,604.7806606099443,76759.81
2025-01-31,2812.5,608.1306155740967,77500.57
2025-02-03,2833.89990234375,598.4895734255874,77186.74
2025-02-04,2853.300048828125,600.4935577176606,78583.81
2025-02-05,2871.60009765625,602.5573503352053,78271.28
2025-02-06,2856.0,604.6311408496849,78058.16
2025-02-07,2867.300048828125,606.3061120968874,77860.19
2025-02-10,2914.300048828125,603.683963510289,77311.8
2025-02-11,2912.5,604.0429061552635,76293.6
2025-02-12,2909.0,602.7368484783108,76171.08
2025-02-13,2925.89990234375,608.1106982366895,76138.97
2025-02-14,2883.60009765625,609.1575080488998,75939.21
2025-02-18,2931.60009765625,609.656005859375,75967.39
2025-02-19,2919.39990234375,611.3907628653418,75939.18
2025-02-20,2940.0,609.845466362675,75735.96
2025-02-21,2937.60009765625,608.4696001270332,75311.06
2025-02-24,2947.89990234375,601.2214363779027,74454.41
2025-02-25,2904.5,596.0968410433766,74602.12
2025-02-27,2883.199951171875,596.226419710782,74612.43
2025-02-28,2836.800048828125,592.9363077632394,73198.1
2025-03-03,2890.199951171875,595.5484729311629,73085.94
2025-03-04,2909.60009765625,583.63432908105,72989.93
2025-03-05,2915.300048828125,583.1258280404028,73730.23
2025-03-06,2916.60009765625,578.4299578955523,74340.09
2025-03-07,2904.699951171875,575.6583108183255,74332.58
2025-03-10,2891.0,567.8318311729231,74115.17
2025-03-11,2912.89990234375,562.3284287982106,74102.32
2025-03-12,2939.10009765625,561.4211214289652,74029.76
2025-03-13,2984.300048828125,557.4331130450024,73828.91
2025-03-17,3000.0,568.0013552926785,74169.95
2025-03-18,3035.10009765625,563.3254055013634,75301.26
2025-03-19,3035.89990234375,569.2376275644565,75449.05
2025-03-20,3040.0,568.8587877529125,76348.06
2025-03-21,3018.199951171875,564.8900146484375,76905.51
2025-03-24,3013.10009765625,575.1500244140625,77984.38
2025-03-25,3023.699951171875,576.4099731445312,78017.19
2025-03-26,3020.89990234375,576.3300170898438,77288.5
2025-03-27,3060.199951171875,570.9000244140625,77606.43
2025-03-28,3086.5,566.27001953125,77414.92
2025-04-01,3118.89990234375,562.9400024414062,76024.51
2025-04-02,3139.89990234375,567.4199829101562,76617.44
2025-04-03,3097.0,547.969970703125,76295.36
2025-04-04,3012.0,525.8699951171875,75364.69
2025-04-07,2951.300048828125,523.1699829101562,73137.9
2025-04-08,2968.39990234375,524.97998046875,74227.08
2025-04-09,3056.5,548.6199951171875,73847.15
2025-04-11,3222.199951171875,536.4299926757812,75157.26
2025-04-15,3218.699951171875,543.22998046875,76734.89
2025-04-16,3326.60009765625,535.1099853515625,77044.29
